{"cameraMode":{"drawMode":0,"name":"Shaded","section":"Shading Mode"},"sceneLighting":true,"audioPlay":false,"sceneViewState":{"showFog":true,"showMaterialUpdate":false,"showSkybox":true,"showFlares":true,"showImageEffects":true,"showParticleSystems":true},"in2DMode":false,"pivot":{"x":-1.6178615093231202,"y":1.474313497543335,"z":-0.5263577103614807},"rotation":{"x":-0.4358433485031128,"y":-0.30004221200942995,"z":0.15681715309619904,"w":-0.8339273929595947},"size":3.353076219558716,"orthographic":false}