{"cameraMode":{"drawMode":0,"name":"Shaded","section":"Shading Mode"},"sceneLighting":true,"audioPlay":false,"sceneViewState":{"showFog":true,"showMaterialUpdate":false,"showSkybox":true,"showFlares":true,"showImageEffects":true,"showParticleSystems":true},"in2DMode":false,"pivot":{"x":20.86172103881836,"y":-184.38841247558595,"z":306.88800048828127},"rotation":{"x":-0.2688789963722229,"y":-0.017917897552251817,"z":0.004687026143074036,"w":-0.9631232023239136},"size":378.6850280761719,"orthographic":false}