{"cameraMode":{"drawMode":0,"name":"Shaded","section":"Shading Mode"},"sceneLighting":true,"audioPlay":false,"sceneViewState":{"showFog":true,"showMaterialUpdate":false,"showSkybox":true,"showFlares":true,"showImageEffects":true,"showParticleSystems":true},"in2DMode":false,"pivot":{"x":-44.2945442199707,"y":-49.54759979248047,"z":39.58747100830078},"rotation":{"x":0.31148478388786318,"y":-0.3833765685558319,"z":0.13951529562473298,"w":0.8583496809005737},"size":181.19357299804688,"orthographic":false}